{
  "main": {
    "id": "a6adfa74076845a8",
    "type": "split",
    "children": [
      {
        "id": "19d83548345ab3b5",
        "type": "tabs",
        "children": [
          {
            "id": "69ad67f17e46d211",
            "type": "leaf",
            "state": {
              "type": "markdown",
              "state": {
                "file": "Kamairicha 釜炒り茶.md",
                "mode": "source",
                "source": false
              }
            }
          }
        ]
      }
    ],
    "direction": "vertical"
  },
  "left": {
    "id": "eb512a72b8754d90",
    "type": "split",
    "children": [
      {
        "id": "5e5f780f535dd828",
        "type": "tabs",
        "children": [
          {
            "id": "c76399c4bd7dad79",
            "type": "leaf",
            "state": {
              "type": "file-explorer",
              "state": {
                "sortOrder": "alphabetical"
              }
            }
          },
          {
            "id": "f42f23c9da8b7a5d",
            "type": "leaf",
            "state": {
              "type": "search",
              "state": {
                "query": "",
                "matchingCase": false,
                "explainSearch": false,
                "collapseAll": false,
                "extraContext": false,
                "sortOrder": "alphabetical"
              }
            }
          },
          {
            "id": "7d31409d4c9d1c0c",
            "type": "leaf",
            "state": {
              "type": "starred",
              "state": {}
            }
          }
        ]
      }
    ],
    "direction": "horizontal",
    "width": 300
  },
  "right": {
    "id": "7fd82c491b2e51fa",
    "type": "split",
    "children": [
      {
        "id": "2bdb38a08e79269c",
        "type": "tabs",
        "children": [
          {
            "id": "33b95e7165a3dc31",
            "type": "leaf",
            "state": {
              "type": "backlink",
              "state": {
                "file": "Kamairicha 釜炒り茶.md",
                "collapseAll": false,
                "extraContext": false,
                "sortOrder": "alphabetical",
                "showSearch": false,
                "searchQuery": "",
                "backlinkCollapsed": false,
                "unlinkedCollapsed": true
              }
            }
          },
          {
            "id": "fd2aa9d8f8afe6aa",
            "type": "leaf",
            "state": {
              "type": "outgoing-link",
              "state": {
                "file": "Kamairicha 釜炒り茶.md",
                "linksCollapsed": false,
                "unlinkedCollapsed": true
              }
            }
          },
          {
            "id": "1b76a312ff9226e5",
            "type": "leaf",
            "state": {
              "type": "tag",
              "state": {
                "sortOrder": "frequency",
                "useHierarchy": true
              }
            }
          },
          {
            "id": "fd2d0bc2a8dfb838",
            "type": "leaf",
            "state": {
              "type": "outline",
              "state": {
                "file": "Kamairicha 釜炒り茶.md"
              }
            }
          }
        ]
      }
    ],
    "direction": "horizontal",
    "width": 300,
    "collapsed": true
  },
  "left-ribbon": {
    "hiddenItems": {
      "switcher:Open quick switcher": false,
      "graph:Open graph view": false,
      "canvas:Create new canvas": false,
      "daily-notes:Open today's daily note": false,
      "templates:Insert template": false,
      "command-palette:Open command palette": false,
      "obsidian-markbase:Sync all Markbase projects": false
    }
  },
  "active": "69ad67f17e46d211",
  "lastOpenFiles": [
    "Tamaryokucha 玉緑茶.png.md",
    "Images/Tamaryokucha 玉緑茶.png",
    "Images",
    "Home.md",
    "Kamairicha 釜炒り茶.md",
    "Asatsuyu あさつゆ.md",
    "Sencha 煎茶.md"
  ]
}